<?xml version="1.0" encoding="UTF-8"?>
<project-private xmlns="http://www.netbeans.org/ns/project-private/1">
    <editor-bookmarks xmlns="http://www.netbeans.org/ns/editor-bookmarks/2" lastBookmarkId="0"/>
    <open-files xmlns="http://www.netbeans.org/ns/projectui-open-files/2">
        <group>
            <file>file:/C:/Users/breno/OneDrive/Documentos/NetBeansProjects/JAVA-PROJETO/JavaProjeto/src/TelaLogin/Dados.java</file>
            <file>file:/C:/Users/breno/OneDrive/Documentos/NetBeansProjects/JAVA-PROJETO/JavaProjeto/src/TelaLogin/Principal.java</file>
            <file>file:/C:/Users/breno/OneDrive/Documentos/NetBeansProjects/JAVA-PROJETO/JavaProjeto/src/TelaLogin/Ouvidoria.java</file>
            <file>file:/C:/Users/breno/OneDrive/Documentos/NetBeansProjects/JAVA-PROJETO/JavaProjeto/src/TelaLogin/Login.java</file>
            <file>file:/C:/Users/breno/OneDrive/Documentos/NetBeansProjects/JAVA-PROJETO/JavaProjeto/src/TelaLogin/Localizacao.java</file>
        </group>
    </open-files>
</project-private>
